<application>
  <component name="StudioBotSettings">
    <option name="acceptedTermsVersion" value="3" />
    <option name="contextSharingMode" value="AlwaysShare" />
    <option name="onboardedVersion" value="3" />
    <option name="queryHistory">
      <list>
        <historyEntry timestamp="1728388063733">Button(onClick = {
                Log.d(&quot;Botón 1&quot;, &quot;Pulsado&quot;)
                

            }) { Text(&quot;Botón 1&quot;) }
            Button(onClick = {

como le doy un color a este boton</historyEntry>
        <historyEntry timestamp="1728374721521">que tengo mal en mi app</historyEntry>
        <historyEntry timestamp="1728374096501">Donde creo Row()
?</historyEntry>
        <historyEntry timestamp="1728373903382">Con composable como creo 4 botones y los alineo al centro de la pantalla</historyEntry>
        <historyEntry timestamp="1728298357598">con composable, como creao un area con 4 botones</historyEntry>
        <historyEntry timestamp="1728293981276">del botton</historyEntry>
        <historyEntry timestamp="1728293963120">como cambio el color del texto?</historyEntry>
        <historyEntry timestamp="1727784029192">Como puedo hacer un boton que al clicar cambie la letra</historyEntry>
        <historyEntry timestamp="1727694314514">Error: &quot;There is no @Composable named &quot;com.pmdm.happybirthday.MainActivityKt.GreetingPreview</historyEntry>
        <historyEntry timestamp="1727693862801">override fun onCreate(savedInstanceState: Bundle?) {
        super.onCreate(savedInstanceState)
        enableEdgeToEdge()
        setContent {
            HappyBirthdayTheme {
                Scaffold(modifier = Modifier.fillMaxSize()) { innerPadding -&gt;
                    GreetingText(
                        modifier = Modifier.padding(innerPadding)
                    )
                }
            }
        }
    }</historyEntry>
        <historyEntry timestamp="1727693840756">que tengo mal en mi codigo</historyEntry>
      </list>
    </option>
  </component>
</application>